id,company_name,address_1,address_2,address_3,post_code,post_town,county,country,region,head_office_country,domain,phone,location_type,company_email,founded_date,company_age,industry,company_size,annual_revenue,people_id,jobtitle,annual_revenue_source,annual_revenue_confidence,full_address,company_name_is_valid,company_name_issue,company_email_is_valid,company_email_issue,phone_digits,phone_is_valid,phone_issue,industry_is_valid,industry_issue,country_is_valid,country_issue,domain_is_valid,domain_issue,founded_date_is_valid,founded_date_issue,company_age_is_valid,company_age_issue,role_description,is_duplicate
2100.0,Hope Transportation Services Limited,Unit 82 Greenway Business Centre,,Greenway,CM19 5QE,Harlow,Essex,England,East of England,England,hopetransportation.co.uk,1279741888.0,Single Site,info@hopetransportation.co.uk,2021-04-28,4.0,Transportation,50.0,12000000.0,322.0,Managing Director,original,1.0,"Unit 82 Greenway Business Centre, , Greenway",True,,True,,1279741888,True,,True,,True,,True,,True,,True,,Leadership,False
7489.0,Aa Motoring Group,659 Lincoln Road,,,PE1 3HA,Peterborough,Cambridgeshire,England,East of England,England,aamotoringgroupltd.co.uk,Not Provided,Single Site,aamotoringgroupltd@gmail.com,2023-04-27,2.0,Used Car Dealerships,200.0,3000000.0,82.0,Director,original,1.0,659 Lincoln Road,True,,True,,,,Missing,True,,True,,True,,True,,True,,Leadership,False
1648.0,Fender,Unit 1 Smeckley Wood Close,,Sheepbridge Trading Estate,S41 9PZ,Chesterfield,Derbyshire,England,East Midlands,Not Specified,waxxunderwear.co.uk,1143030082.0,Branch,Not Provided,Not Provided,Unknown,Menswear,50.0,12000000.0,62.0,Warden,original,1.0,"Unit 1 Smeckley Wood Close, , Sheepbridge Trading Estate",True,,False,Invalid format,1143030082,True,,True,,True,,True,,False,Invalid founded date,False,,Operations,False
2062.0,Hilti Store Manchester,Unit 4 Lapwing Centre Industrial Estate,,4 Hagley Road,M5 3EY,Salford,Lancashire,England,North West England,Not Specified,hilti.to,3330000347.0,Branch,Not Provided,Not Provided,Unknown,Technology,20.0,5000000.0,410.0,Financial Solutions,original,1.0,"Unit 4 Lapwing Centre Industrial Estate, , 4 Hagley Road",True,,False,Invalid format,3330000347,True,,True,,True,,True,,False,Invalid founded date,False,,Finance,False
7295.0,A. Lawrence Cleaning,"4,Arden Close",,,WD23 1PL,Bushey,Hertfordshire,England,East of England,Not Specified,alawrencecleaning.co.uk,Not Provided,Branch,Not Provided,Not Provided,Unknown,Commercial Cleaning,50.0,12000000.0,409.0,Admin,original,1.0,"4,Arden Close",True,,False,Invalid format,,,Missing,True,,True,,True,,False,Invalid founded date,False,,Admin,False
5761.0,Chapter & Holmes,349 Electricity House,,Colston Avenue,BS1 4TB,Bristol,Avon,England,South West England,Not Specified,Unknown Domain,Not Provided,Single Site,Not Provided,Not Provided,3.0,Coffee& Coffee Equipment,Unknown,5000000.0,414.0,Jewellery Store,original,1.0,"349 Electricity House, , Colston Avenue",True,,False,Invalid format,,,Missing,True,,True,,False,Invalid format,False,Invalid founded date,False,,Admin,False
921.0,Chapelle Jewellery,Unit 81 Swindon Designer Outlet Centre,,Kemble Drive,SN2 2DZ,Swindon,Wiltshire,England,South West England,Not Specified,Unknown Domain,1793531070.0,Branch,Not Provided,Not Provided,Unknown,jeweller Store,Unknown,3000000.0,438.0,MD,original,1.0,"Unit 81 Swindon Designer Outlet Centre, , Kemble Drive",True,,False,Invalid format,1793531070,True,,True,,True,,False,Invalid format,False,Invalid founded date,False,,Leadership,False
195.0,A A Afro Caribbean Foods,Unit 62-63 Wulfrun Centre,,Cleveland Street,WV1 3HH,Wolverhampton,West Midlands,England,West Midlands,England,Unknown Domain,1902422103.0,Single Site,Not Provided,Not Provided,2.0,Supermarket,50.0,7758133.791127254,381.0,BA,model_imputed,0.6,"Unit 62-63 Wulfrun Centre, , Cleveland Street",True,,False,Invalid format,1902422103,True,,True,,True,,False,Invalid format,False,Invalid founded date,False,,Education,False
6025.0,Rexel Uk Ltd,Unit 3,,Brent,NW10 7UL,London,London,England,London,Not Specified,rexel.co.uk,2089657788.0,Branch,Not Provided,Not Provided,Unknown,Electrical Wholesalers,50.0,3000000.0,288.0,Debt Collection,original,1.0,"Unit 3, , Brent",True,,False,Invalid format,2089657788,True,,True,,True,,True,,False,Invalid founded date,False,,Admin,False
3583.0,Roof Rite South Wales,Unit 10 Timber Yard Industrial Estate,,E Moors Road,CF24 5EE,Cardiff,South Glamorgan,Wales,Wales,Not Specified,roofritesouthwales.co.uk,Not Provided,Single Site,enquiries@roofritesouthwales.co.uk,Not Provided,Unknown,Roofing Services& Contractors,20.0,12000000.0,154.0,Director Of Operations,original,1.0,"Unit 10 Timber Yard Industrial Estate, , E Moors Road",True,,True,,,,Missing,True,,True,,True,,False,Invalid founded date,False,,Operations,False
812.0,Caddy Liners Direct,Unit 5B 5A Eden Business Centre,,S Stour Avenue,TN23 7RS,Ashford,Kent,England,South East England,Not Specified,caddylinersdirect.co.uk,1233220270.0,Single Site,Not Provided,Not Provided,Unknown,comfortable Packaging,100.0,7758134.889514141,11.0,Director,model_imputed,0.6,"Unit 5B 5A Eden Business Centre, , S Stour Avenue",True,,False,Invalid format,1233220270,True,,True,,True,,True,,False,Invalid founded date,False,,Leadership,False
538.0,Barcellos Holdings Limited,Unit D Main Entrance Business Centre,,111 Ross Walk,LE4 5HH,Leicester,Leicestershire,England,East Midlands,Not Specified,barcellos.co.uk,1162682488.0,Branch,Not Provided,2001-08-14,24.0,IT,Unknown,12000000.0,22.0,Photographer,original,1.0,"Unit D Main Entrance Business Centre, , 111 Ross Walk",True,,False,Invalid format,1162682488,True,,True,,True,,True,,True,,True,,Production,False
1954.0,H E Mcmullan & Co Ltd,Unit 9 Tamar Commercial Centre,,Chater Street,BT4 1BL,Belfast,County Antrim,Northern Ireland,Northern Ireland,Northern Ireland,hemcmullan.co.uk,2890448392.0,Single Site,Not Provided,2006-09-21,19.0,Import& Export,20.0,8000000.0,473.0,Contact Us,original,1.0,"Unit 9 Tamar Commercial Centre, , Chater Street",True,,False,Invalid format,2890448392,True,,True,,True,,True,,True,,True,,Admin,False
1163.0,Creams Cafe Eastleigh,Unit L11 The Swan Centre Shopping Centre,,Wells Place,SO50 5SF,Eastleigh,Hampshire,England,South East England,Not Specified,creamscafe.com,2381783070.0,Branch,Not Provided,Not Provided,Unknown,Restaurant,Unknown,3000000.0,172.0,Nurse,original,1.0,"Unit L11 The Swan Centre Shopping Centre, , Wells Place",True,,False,Invalid format,2381783070,True,,True,,True,,True,,False,Invalid founded date,False,,Medical,False
289.0,Advantage Healthcare,7Th Floor Grosvenor House,,125 High Street,CR0 9XP,Croydon,Surrey,England,South East England,Not Specified,advantagehealthcare.com,2082561990.0,Branch,Not Provided,2004-10-21,21.0,Home Health Care Services,Unknown,8000000.0,370.0,DJ,original,1.0,"7Th Floor Grosvenor House, , 125 High Street",True,,False,Invalid format,2082561990,True,,True,,True,,True,,True,,True,,Production,False
954.0,Chris Loder Welding Supplies,Unit 14 Peartree Business Centre,,Peartree,CO3 0JN,Colchester,Essex,England,East of England,Not Specified,Unknown Domain,1206548424.0,Single Site,Not Provided,Not Provided,Unknown,Welding Machine Sales And Service,200.0,4418203.602538501,443.0,Engineer,model_imputed,0.6,"Unit 14 Peartree Business Centre, , Peartree",True,,False,Invalid format,1206548424,True,,True,,True,,False,Invalid format,False,Invalid founded date,False,,Engineering & Development,False
358.0,Alpa Autos,Unit 9 Oak And Ash Business Park,,Ash Street,LE5 0DA,Leicester,Leicestershire,England,East Midlands,Not Specified,Unknown Domain,Not Provided,Single Site,Not Provided,Not Provided,Unknown,Garage Mechanics/ Vehicle Repairs& Services,20.0,6344277.494782375,335.0,Herbalife,model_imputed,0.6,"Unit 9 Oak And Ash Business Park, , Ash Street",True,,False,Invalid format,,,Missing,True,,True,,False,Invalid format,False,Invalid founded date,False,,Sales,False
6875.0,288 Group,"1,Aston Way",,,BH12 4FE,Poole,Dorset,England,South West England,United Kingdom,288group.com,3330032777.0,Single Site,Not Provided,2015-10-19,10.0,B2 B,50.0,8000000.0,106.0,Painter,original,1.0,"1,Aston Way",True,,False,Invalid format,3330032777,True,,True,,True,,True,,True,,True,,Engineering & Development,False
5923.0,Polygon,Unit 10,,Bradley Stoke,BS32 4EU,Bristol,Avon,England,South West England,United Kingdom,polygongroup.com,Not Provided,Branch,Not Provided,2022-10-28,3.0,Fire& Water Damage Restoration Services,Unknown,12000000.0,450.0,Accountant,original,1.0,"Unit 10, , Bradley Stoke",True,,False,Invalid format,,,Missing,True,,True,,True,,True,,True,,Finance,False
2091.0,Home Instead St Albans,Unit 3 Street Albans Enterprise Centre,,Long Spring,AL3 6EN,St Albans,Hertfordshire,England,East of England,Not Specified,homeinstead.co.uk,1727895941.0,Branch,Not Provided,Not Provided,Unknown,Home Health Care Services,20.0,3000000.0,392.0,BA,original,1.0,"Unit 3 Street Albans Enterprise Centre, , Long Spring",True,,False,Invalid format,1727895941,True,,True,,True,,True,,False,Invalid founded date,False,,Education,False
5855.0,Ibj Global Ventures Ltd,Unit 106,,Ardwick,M12 4AH,Manchester,Lancashire,England,North West England,Not Specified,Unknown Domain,1612735747.0,Single Site,Not Provided,2024-10-24,1.0,IT,100.0,12000000.0,250.0,Managing Director,original,1.0,"Unit 106, , Ardwick",True,,False,Invalid format,1612735747,True,,True,,True,,False,Invalid format,True,,True,,Leadership,False
6026.0,Rowse Honey,Mor Avenue,,Moreton Avenue,OX10 9DE,Wallingford,Oxfordshire,England,South East England,Not Specified,rowsehoney.co.uk,1491454100.0,Branch,Not Provided,Not Provided,Unknown,Agriculture Products,Unknown,12000000.0,384.0,Andy Smith,original,1.0,"Mor Avenue, , Moreton Avenue",True,,False,Invalid format,1491454100,True,,True,,True,,True,,False,Invalid founded date,False,,Admin,False
6457.0,Ee,23 Market Square,,,BD18 3QJ,Shipley,West Yorkshire,England,Yorkshire And The Humber,United Kingdom,Unknown Domain,1274589355.0,Branch,Not Provided,Not Provided,36.0,Telecommunication Services,20.0,3000000.0,159.0,Administrator,original,1.0,23 Market Square,False,Too short,False,Invalid format,1274589355,True,,True,,True,,False,Invalid format,False,Invalid founded date,False,,Admin,False
2492.0,Layden Solutions Ltd,Unit 3 Holroyd Business Park,,Carrbottom Road,BD5 9BP,Bradford,West Yorkshire,England,Yorkshire And The Humber,Not Specified,Unknown Domain,1274921310.0,Single Site,Not Provided,Not Provided,8.0,Windows- Wood,100.0,5000000.0,436.0,Landscaper,original,1.0,"Unit 3 Holroyd Business Park, , Carrbottom Road",True,,False,Invalid format,1274921310,True,,True,,True,,False,Invalid format,False,Invalid founded date,False,,Engineering & Development,False
645.0,Black Saucers,Unit 6 And 7 Powerhub Business Centre,,Street Peter'S Street,ME16 0ST,Maidstone,Kent,England,South East England,United Kingdom,blacksaucers.com,1622910120.0,Single Site,Not Provided,2021-08-20,4.0,Events Management,100.0,12000000.0,23.0,Chelsea,original,1.0,"Unit 6 And 7 Powerhub Business Centre, , Street Peter'S Street",True,,False,Invalid format,1622910120,True,,True,,True,,True,,True,,True,,Education,False
5292.0,Nando'S Basingstoke - St Michael'S,Unit 8 Street Michael'S Retail Park,,The Harrow Way,RG22 4AN,Basingstoke,Hampshire,England,South East England,Not Specified,Unknown Domain,1256364492.0,Single Site,Not Provided,Not Provided,Unknown,Restaurant,200.0,8000000.0,180.0,BA,original,1.0,"Unit 8 Street Michael'S Retail Park, , The Harrow Way",True,,False,Invalid format,1256364492,True,,True,,True,,False,Invalid format,False,Invalid founded date,False,,Education,False
7641.0,Abrahams & Carlisle Ltd,Abrahams House,Newman Street,,BD4 9NT,Bradford,West Yorkshire,England,Yorkshire And The Humber,England,abrahams-and-carlisle.com,1274651555.0,Single Site,Not Provided,Not Provided,48.0,Shopfitters,Unknown,8000000.0,273.0,Sales Generalist,original,1.0,"Abrahams House, Newman Street",True,,False,Invalid format,1274651555,True,,True,,True,,True,,False,Invalid founded date,False,,Sales,False
7705.0,Ac1 Construction Ltd,Health Aid House,Marlborough Hill,,HA1 1UD,Harrow,Middlesex,England,London,Not Specified,ac1construction.co.uk,Not Provided,Single Site,Not Provided,Not Provided,15.0,Builders/ Construction Firm,100.0,12000000.310911927,348.0,Architectural Services,model_imputed,0.6,"Health Aid House, Marlborough Hill",True,,False,Invalid format,,,Missing,True,,True,,True,,False,Invalid founded date,False,,Engineering & Development,False
1874.0,Goldcrest,Unit 4 Trafalgar Business Park,,Broughton Lane,M8 9TZ,Manchester,Lancashire,England,North West England,Not Specified,Unknown Domain,1618394791.0,Branch,Not Provided,Not Provided,9.0,Unknown Industry,20.0,6102412.147682283,407.0,Tbol,median_imputed,0.5,"Unit 4 Trafalgar Business Park, , Broughton Lane",True,,False,Invalid format,1618394791,True,,True,,True,,False,Invalid format,False,Invalid founded date,False,,Education,False
5829.0,Global Encountours Limited,31 Northolt,,Poppy Close,UB5 5TP,Northolt,Middlesex,England,London,England,Unknown Domain,Not Provided,Single Site,Not Provided,2019-06-13,6.0,Tour Operators,20.0,3000000.0,403.0,Negotiator,original,1.0,"31 Northolt, , Poppy Close",True,,False,Invalid format,,,Missing,True,,True,,False,Invalid format,True,,True,,Sales,False
5377.0,Pizza Hut Restaurants Banbury Cross Retail Park,Unit 15 Lockheed Close,,Banbury Cross Retail Park,OX16 1LX,Banbury,Oxfordshire,England,South East England,Not Specified,Unknown Domain,1295277422.0,Single Site,Not Provided,Not Provided,Unknown,Pizza Restaurants,Unknown,5000000.0,330.0,Farrier,original,1.0,"Unit 15 Lockheed Close, , Banbury Cross Retail Park",True,,False,Invalid format,1295277422,True,,True,,True,,False,Invalid format,False,Invalid founded date,False,,Admin,False
3978.0,Stay Central,Student Central University Of London Housing Services,,2 Malet Street,WC1E 7HY,London,London,England,London,Not Specified,staycentral.london.ac.uk,2078636071.0,Single Site,Not Provided,Not Provided,Unknown,Bed& Breakfast,100.0,7758134.889514141,499.0,Debt Collection,model_imputed,0.6,"Student Central University Of London Housing Services, , 2 Malet Street",True,,False,Invalid format,2078636071,True,,True,,True,,True,,False,Invalid founded date,False,,Admin,False
7439.0,A1 Repair,Unit 7,Tilling Way,East Lane,HA9 7NQ,Wembley,Middlesex,England,London,Not Specified,a1repairltd.co.uk,2089043220.0,Single Site,a1repairltd@yahoo.com,2018-11-27,7.0,Garage Mechanics/ Vehicle Repairs& Services,50.0,8000000.0,133.0,Manager,original,1.0,"Unit 7, Tilling Way, East Lane",True,,True,,2089043220,True,,True,,True,,True,,True,,True,,Leadership,False
2354.0,Just 4 Nails,Drakes Courtyard 285 Drakes Courtyard,,Kilburn High Road,NW6 7JR,London,London,England,London,Not Specified,Unknown Domain,2031529121.0,Single Site,Not Provided,Not Provided,Unknown,Personal Care Product Manufacturing,100.0,3000000.0,389.0,Admin,original,1.0,"Drakes Courtyard 285 Drakes Courtyard, , Kilburn High Road",True,,False,Invalid format,2031529121,True,,True,,True,,False,Invalid format,False,Invalid founded date,False,,Admin,False
3043.0,Northern Autobodies Paint & Car Body Repairs,Unit 20 Green Lane Workshops,,N Seaton Road,NE63 0EF,Ashington,Northumberland,England,North East England,Not Specified,Unknown Domain,Not Provided,Single Site,Not Provided,Not Provided,Unknown,Car Body Repairs,20.0,6102412.147682283,489.0,Assistance Director,model_imputed,0.6,"Unit 20 Green Lane Workshops, , N Seaton Road",True,,False,Invalid format,,,Missing,True,,True,,False,Invalid format,False,Invalid founded date,False,,Leadership,False
6784.0,1874Cc Limited,,,,WA4 3DS,Warrington,Cheshire,England,North West England,England,1874cc.uk,Not Provided,Single Site,contact@1874cc.co.uk,2024-01-31,1.0,Unknown Industry,Unknown,3000000.0,26.0,Courier Delivery Own Van,original,1.0,Not Provided,True,,True,,,,Missing,True,,True,,True,,True,,True,,Operations,False
2075.0,Holland & Barrett - North Shields,Unit 17 1 The Beacon Shopping Centre,,Bedford Street,NE29 6RX,North Shields,Tyne And Wear,England,North East England,Not Specified,hollandandbarrett.com,3300582640.0,Branch,Not Provided,1992-10-26,33.0,Health Foods& Products,Unknown,5000000.0,53.0,BA,original,1.0,"Unit 17 1 The Beacon Shopping Centre, , Bedford Street",True,,False,Invalid format,3300582640,True,,True,,True,,True,,True,,True,,Education,False
7293.0,A. Frizell Limited,,,,CA6 5TS,Carlisle,Cumbria,England,North West England,Not Specified,afrizell.co.uk,Not Provided,Single Site,Not Provided,2003-03-17,22.0,Agricultural Services,20.0,6102412.147682283,221.0,Ba,model_imputed,0.6,Not Provided,True,,False,Invalid format,,,Missing,True,,True,,True,,True,,True,,Education,False
3723.0,Shaadimubarak Wedding Services,Unit 15 Adrienne Business Centre,,Adrienne Avenue,UB1 2FJ,Southall,Middlesex,England,London,England,Unknown Domain,Not Provided,Single Site,Not Provided,2021-09-23,4.0,Wedding Supplies& Services,20.0,12000000.0,209.0,Director,original,1.0,"Unit 15 Adrienne Business Centre, , Adrienne Avenue",True,,False,Invalid format,,,Missing,True,,True,,False,Invalid format,True,,True,,Leadership,False
2239.0,Iq Field Marketing Ltd,Unit 4 Riverside Business Centre,,Walnut Tree Close,GU1 4UG,Guildford,Surrey,England,South East England,Not Specified,Unknown Domain,1483504900.0,Single Site,Not Provided,Not Provided,Unknown,Marketing& Advertising,20.0,5000000.0,57.0,Owner,original,1.0,"Unit 4 Riverside Business Centre, , Walnut Tree Close",True,,False,Invalid format,1483504900,True,,True,,True,,False,Invalid format,False,Invalid founded date,False,,Leadership,False
7237.0,A Quiet Place,Nugent Care Central Office,99 Edge Lane,,L7 2PE,Liverpool,Merseyside,England,North West England,England,aquietplace.co.uk,Not Provided,Head Office,penny@aquietplace.co.uk,2005-09-15,20.0,Alternative Medicine Massages,100.0,12000000.0,302.0,Material Manager,original,1.0,"Nugent Care Central Office, 99 Edge Lane",True,,True,,,,Missing,True,,True,,True,,True,,True,,Leadership,False
2601.0,Loudhouse,Lower Ground Floor Prospero House,,241 Borough High Street,SE1 1GA,London,London,England,London,Not Specified,loudhouse.io,Not Provided,Branch,Not Provided,2017-07-14,8.0,Digital Marketing,50.0,8000000.0,375.0,Director,original,1.0,"Lower Ground Floor Prospero House, , 241 Borough High Street",True,,False,Invalid format,,,Missing,True,,True,,True,,True,,True,,Leadership,False
815.0,Cakes & Bakes Edmonton,Unit 4 The Concourse,,Edmonton Green Shopping Centre,N9 0TY,London,London,England,London,Not Specified,cakesandbakes.co.uk,Not Provided,Branch,Not Provided,2022-04-14,3.0,Baked Goods Manufacturing,50.0,12000000.0,9.0,Herbalife,original,1.0,"Unit 4 The Concourse, , Edmonton Green Shopping Centre",True,,False,Invalid format,,,Missing,True,,True,,True,,True,,True,,Sales,False
5553.0,The Fragrance Shop,Unit 5 Cornmarket Marketgate Shopping Centre,,9 Market Street,LA1 1AL,Lancaster,Lancashire,England,North West England,Not Specified,thefragranceshop.co.uk,1524884787.0,Branch,Not Provided,2009-09-22,16.0,Cosmetic Products Manufacturers,50.0,12000000.0,122.0,Ba,original,1.0,"Unit 5 Cornmarket Marketgate Shopping Centre, , 9 Market Street",True,,False,Invalid format,1524884787,True,,True,,True,,True,,True,,True,,Education,False
904.0,Central Computer Support Systems Ltd,Unit 6 Washington Industrial Centre,,Halesowen Road,DY2 9RE,Dudley,West Midlands,England,West Midlands,Not Specified,Unknown Domain,1384468687.0,Single Site,Not Provided,Not Provided,Unknown,IT Consultancy Services,100.0,3000000.0,241.0,Cricket Club,original,1.0,"Unit 6 Washington Industrial Centre, , Halesowen Road",True,,False,Invalid format,1384468687,True,,True,,True,,False,Invalid format,False,Invalid founded date,False,,Admin,False
1637.0,Familycares,Unit C 43-49 Fowler Road,,Hainault Business Park,IG6 3UT,Ilford,Essex,England,East of England,Not Specified,Unknown Domain,2079980480.0,Single Site,Not Provided,Not Provided,Unknown,"Electrical Goods Sales, Manufacturers& Wholesalers",50.0,3000000.0,441.0,BA,original,1.0,"Unit C 43-49 Fowler Road, , Hainault Business Park",True,,False,Invalid format,2079980480,True,,True,,True,,False,Invalid format,False,Invalid founded date,False,,Education,False
2200.0,Infacol,Teva Uk Ridings Point,,Whistler,WF10 5HX,Castleford,West Yorkshire,England,Yorkshire And The Humber,Not Specified,infacol.co.uk,Not Provided,Single Site,Not Provided,Not Provided,Unknown,Alternative Medicine Massages,50.0,12000000.0,216.0,Account Manager,original,1.0,"Teva Uk Ridings Point, , Whistler",True,,False,Invalid format,,,Missing,True,,True,,True,,False,Invalid founded date,False,,Sales,False
5844.0,Hairology Hairloss Clinic,542A,,Chorley Old Road,BL1 6AB,Bolton,Lancashire,England,North West England,Not Specified,Unknown Domain,Not Provided,Single Site,Not Provided,2017-03-24,8.0,Wellness Center,Unknown,5000000.0,394.0,Managing Director,original,1.0,"542A, , Chorley Old Road",True,,False,Invalid format,,,Missing,True,,True,,False,Invalid format,True,,True,,Leadership,False
6637.0,Ee,44 The Mercat Centre,,,KY1 1NU,Kirkcaldy,Fife,Scotland,Scotland,Not Specified,shop.ee.co.uk,8450971151.0,Branch,Not Provided,Not Provided,Unknown,Mobile Phones,Unknown,8000000.0,73.0,BA,original,1.0,44 The Mercat Centre,False,Too short,False,Invalid format,8450971151,True,,True,,True,,True,,False,Invalid founded date,False,,Education,False
2402.0,Kendal Mot And Service Centre,Unit 10 Dockray Hall Industrial Estate,,Dockray Hall Road,LA9 4RU,Kendal,Cumbria,England,North West England,Not Specified,Unknown Domain,1539738341.0,Single Site,Not Provided,Not Provided,Unknown,MOT Testing centers/ Garages,50.0,12000000.0,281.0,Customer Assistant,original,1.0,"Unit 10 Dockray Hall Industrial Estate, , Dockray Hall Road",True,,False,Invalid format,1539738341,True,,True,,True,,False,Invalid format,False,Invalid founded date,False,,Customer Support,False
4787.0,X-Ray Touring,Unit A5 Tileyard Studios,,105 Blundell Street,N7 9BN,London,London,England,London,Not Specified,xraytouring.com,2077493500.0,Head Office,info@xraytouring.com,Not Provided,Unknown,Concert organizers,Unknown,12000000.0,309.0,Director,original,1.0,"Unit A5 Tileyard Studios, , 105 Blundell Street",True,,True,,2077493500,True,,True,,True,,True,,False,Invalid founded date,False,,Leadership,False
3076.0,Nwf Fuels Mansfield,Nwf Fuels Ltd Nunn Brook Road,,Huthwaite,NG17 2HU,Sutton In Ashfield,Nottinghamshire,England,East Midlands,Not Specified,nwffuels.co.uk,1159619414.0,Branch,Not Provided,Not Provided,Unknown,Fuel Dealers,200.0,3000000.0,78.0,Debt Collection,original,1.0,"Nwf Fuels Ltd Nunn Brook Road, , Huthwaite",True,,False,Invalid format,1159619414,True,,True,,True,,True,,False,Invalid founded date,False,,Admin,False
7167.0,A G Price Florist,"217-219,Well Street",Hackney,,E9 6QU,London,London,England,London,Not Specified,agpriceflowers.co.uk,2089864946.0,Branch,agpriceflorist@aol.com,Not Provided,Unknown,Florists,200.0,4418203.602538501,131.0,Project Development Manager,model_imputed,0.6,"217-219,Well Street, Hackney",True,,True,,2089864946,True,,True,,True,,True,,False,Invalid founded date,False,,Leadership,False
5278.0,Menkind,Unit Su48 West Quay Shopping Centre,,Portland Terrace,SO15 1QD,Southampton,Hampshire,England,South East England,Not Specified,menkind.co.uk,2380231862.0,Branch,enquiries@menkind.co.uk,Not Provided,Unknown,Gift& Specialty Shops,Unknown,12000000.0,399.0,Director,original,1.0,"Unit Su48 West Quay Shopping Centre, , Portland Terrace",True,,True,,2380231862,True,,True,,True,,True,,False,Invalid founded date,False,,Leadership,False
6470.0,Ee,Unit 146 Level 1 Mall,South,Derbion Shopping Center,DE1 2PQ,Derby,Derbyshire,England,East Midlands,United Kingdom,ee.co.uk,1332374650.0,Branch,Not Provided,Not Provided,36.0,Unknown Industry,20.0,6102412.147682283,454.0,Solicitors,median_imputed,0.5,"Unit 146 Level 1 Mall, South, Derbion Shopping Center",False,Too short,False,Invalid format,1332374650,True,,True,,True,,True,,False,Invalid founded date,False,,Legal,False
1800.0,G&R Auto Repairs Ltd,Unit 14 Barking Industrial Park,,Alfreds Way,IG11 0TJ,Barking,Essex,England,East of England,England,grautorepairs2020.wixsite.com,2074760890.0,Single Site,Not Provided,2019-11-28,6.0,Garage Mechanics/ Vehicle Repairs& Services,Unknown,8000000.0,482.0,BA,original,1.0,"Unit 14 Barking Industrial Park, , Alfreds Way",True,,False,Invalid format,2074760890,True,,True,,True,,True,,True,,True,,Education,False
1930.0,Gsf Car Parts (Doncaster),Unit 12 Wheatley Hall Trade Park,,Wheatley Hall Road,DN2 4NH,Doncaster,South Yorkshire,England,Yorkshire And The Humber,Not Specified,Unknown Domain,1302762762.0,Single Site,Not Provided,Not Provided,Unknown,Auto Parts& Supplies,50.0,8000000.0,245.0,Audio Visual Specialist,original,1.0,"Unit 12 Wheatley Hall Trade Park, , Wheatley Hall Road",True,,False,Invalid format,1302762762,True,,True,,True,,False,Invalid format,False,Invalid founded date,False,,Production,False
5663.0,Wickes Haverfordwest,Unit B Springfield Retail Park,,Fishguard Road,SA61 2AT,Haverfordwest,Dyfed,Wales,Wales,United Kingdom,wickes.co.uk,1437823300.0,Branch,Not Provided,1984-08-13,41.0,Home Improvement& Hardware Retail,Unknown,5000000.0,89.0,Door Manufacturer,original,1.0,"Unit B Springfield Retail Park, , Fishguard Road",True,,False,Invalid format,1437823300,True,,True,,True,,True,,True,,True,,Production,False
1545.0,Eros Song,Block D 18 Riverstone Heights,,Reed Venue,E3 3ZE,London,London,England,London,Not Specified,erossong.com,Not Provided,Single Site,Not Provided,2022-12-24,2.0,Sex Shops/ Adult Entertainment Stores,100.0,3000000.0,67.0,Managing Partner,original,1.0,"Block D 18 Riverstone Heights, , Reed Venue",True,,False,Invalid format,,,Missing,True,,True,,True,,True,,True,,Leadership,False
5110.0,Greggs,U21 Springburn Shopping Centre,,Springburn Way,G21 1TS,Glasgow,Lanarkshire,Scotland,Scotland,United Kingdom,greggs.co.uk,1417267391.0,Branch,enquiries@greggs.co.uk,1951-12-29,73.0,Restaurants& Take Away Menus,50.0,12000000.0,382.0,Project Manager,original,1.0,"U21 Springburn Shopping Centre, , Springburn Way",True,,True,,1417267391,True,,True,,True,,True,,True,,True,,Leadership,False
429.0,Arnolds Produce,Hillcrest Barningham Road,,Stanton,IP31 2DU,Bury St Edmunds,Suffolk,England,East of England,Not Specified,arnoldsproduce.co.uk,1359251999.0,Single Site,info@arnoldsproduce.co.uk,Not Provided,Unknown,Wholesale Fruit& Vegetables,50.0,3000000.0,391.0,Plasterer,original,1.0,"Hillcrest Barningham Road, , Stanton",True,,True,,1359251999,True,,True,,True,,True,,False,Invalid founded date,False,,Engineering & Development,False
3600.0,Ruach Karate Kings Heath,Cocks Moors Woods Leisure Centre,,Road,B14 6ER,Birmingham,West Midlands,England,West Midlands,Not Specified,ruachkarate.co.uk,1218090601.0,Single Site,Not Provided,Not Provided,Unknown,Martial Arts Instruction,Unknown,6102412.147682283,427.0,Ukcc/ecb Level 2 Coach,global_median,0.4,"Cocks Moors Woods Leisure Centre, , Road",True,,False,Invalid format,1218090601,True,,True,,True,,True,,False,Invalid founded date,False,,Admin,False
7251.0,A S Networking Ltd,"29,Park Grove",Westbury-On-Trym,,BS9 4LF,Bristol,Avon,England,South West England,Not Specified,asnetworking.co.uk,Not Provided,Single Site,Not Provided,2015-03-27,10.0,Computer Networking& Cabling,50.0,3000000.0,328.0,Path,original,1.0,"29,Park Grove, Westbury-On-Trym",True,,False,Invalid format,,,Missing,True,,True,,True,,True,,True,,Education,False
5655.0,What2Buy4Kids,Unit 1B Bank Quay Trading Estate,,Slutchers Lane,WA1 1PJ,Warrington,Cheshire,England,North West England,Not Specified,Unknown Domain,1925234155.0,Single Site,Not Provided,Not Provided,Unknown,Toy Shops,100.0,3000000.0,352.0,Bilder,original,1.0,"Unit 1B Bank Quay Trading Estate, , Slutchers Lane",True,,False,Invalid format,1925234155,True,,True,,True,,False,Invalid format,False,Invalid founded date,False,,Operations,False
2651.0,M.Mills Building Contractors Ltd,Bizspace Atlantic Business Centre,,Atlantic Street,WA14 5NQ,Altrincham,Cheshire,England,North West England,United Kingdom,builderincheshire.com,1625460253.0,Single Site,info@builderincheshire.com,Not Provided,24.0,Home/ House Builders,20.0,3000000.0,469.0,Jhjil,original,1.0,"Bizspace Atlantic Business Centre, , Atlantic Street",True,,True,,1625460253,True,,True,,True,,True,,False,Invalid founded date,False,,Operations,False
5749.0,Bristol City Supporters Club & Trust,Ashton Gate Stadium,,Ashton Road,BS3 2EJ,Bristol,Avon,England,South West England,United Kingdom,bristolcitysupporters.org,1173706146.0,Branch,info@bristolcitysupporters.org,Not Provided,125.0,Fan Clubs,Unknown,12000000.0,365.0,General Manager,original,1.0,"Ashton Gate Stadium, , Ashton Road",True,,True,,1173706146,True,,True,,True,,True,,False,Invalid founded date,False,,Leadership,False
4481.0,Trident Gym Weston-Super-Mare,Unit A Winterstoke Trading Estate,,Phillips Road,BS23 3YR,Weston Super Mare,Avon,England,South West England,Not Specified,tridentgym.uk,1934910677.0,Branch,Not Provided,Not Provided,Unknown,"Health Clubs, Gymnasiums& Beauty centers",20.0,5000000.0,61.0,Ba,original,1.0,"Unit A Winterstoke Trading Estate, , Phillips Road",True,,False,Invalid format,1934910677,True,,True,,True,,True,,False,Invalid founded date,False,,Education,False
1569.0,Eurocell Hastings,Unit A1 Castleham Industrial Estate,,Maunsell Road,TN38 9NN,St Leonards On Sea,East Sussex,England,South East England,Not Specified,Unknown Domain,3332341197.0,Single Site,Not Provided,Not Provided,Unknown,Builders Merchants,200.0,4418203.602538501,270.0,Educator,model_imputed,0.6,"Unit A1 Castleham Industrial Estate, , Maunsell Road",True,,False,Invalid format,3332341197,True,,True,,True,,False,Invalid format,False,Invalid founded date,False,,Education,False
6742.0,1 Space Projects Ltd,"42,Maltlands",,,BS22 8NZ,Weston Super Mare,Avon,England,South West England,Not Specified,1spaceprojects.com,Not Provided,Head Office,Not Provided,Not Provided,8.0,Builders/ Construction Firm,100.0,12000000.0,398.0,Covent Garden,original,1.0,"42,Maltlands",True,,False,Invalid format,,,Missing,True,,True,,True,,False,Invalid founded date,False,,Operations,False
6318.0,Ee,309 High Street,,,LN5 7DR,Lincoln,Lincolnshire,England,East Midlands,United Kingdom,ee.co.uk,1522551240.0,Branch,Not Provided,Not Provided,36.0,Unknown Industry,200.0,3000000.0,184.0,Herbalife,original,1.0,309 High Street,False,Too short,False,Invalid format,1522551240,True,,True,,True,,True,,False,Invalid founded date,False,,Sales,False
307.0,Aim Group Training Solutions,Suite 3 Widford Industrial Estate He Hamilton Centre,,Rodney Way,CM1 3BY,Chelmsford,Essex,England,East of England,Not Specified,agt-solutions.co.uk,2038765961.0,Single Site,info@agt-solutions.co.uk,Not Provided,Unknown,Training Services,50.0,7758133.791127254,110.0,BA,model_imputed,0.6,"Suite 3 Widford Industrial Estate He Hamilton Centre, , Rodney Way",True,,True,,2038765961,True,,True,,True,,True,,False,Invalid founded date,False,,Education,False
6941.0,3R W Design Ltd,,,,RM19 1PW,Purfleet,Essex,England,East of England,Not Specified,3rwdesign.co.uk,2012345678.0,Single Site,3rwdesign@gmail.com,Not Provided,11.0,Display Fixtures& Fittings,Unknown,8000000.0,212.0,Herbalife,original,1.0,Not Provided,True,,True,,2012345678,True,,True,,True,,True,,False,Invalid founded date,False,,Sales,False
5132.0,Hobbs Pharmacy,Herts And Essex Community Hospital Herts And Essex Hospital Lane,,Haymeads,CM23 5JH,Bishops Stortford,Hertfordshire,England,East of England,Not Specified,Unknown Domain,1279506661.0,Branch,Not Provided,Not Provided,Unknown,Drug Stores/ Pharmacies,100.0,12000000.0,114.0,Sports Awards,original,1.0,"Herts And Essex Community Hospital Herts And Essex Hospital Lane, , Haymeads",True,,False,Invalid format,1279506661,True,,True,,True,,False,Invalid format,False,Invalid founded date,False,,Marketing,False
2254.0,J Bishop Quality Office Supplies,Unit 12-13 Webnor Industrial Estate,,Ettingshall Road,WV2 2LD,Wolverhampton,West Midlands,England,West Midlands,Not Specified,Unknown Domain,1902405572.0,Single Site,Not Provided,Not Provided,Unknown,Office Stationery Supplies& Retail,Unknown,3000000.0,404.0,Band,original,1.0,"Unit 12-13 Webnor Industrial Estate, , Ettingshall Road",True,,False,Invalid format,1902405572,True,,True,,True,,False,Invalid format,False,Invalid founded date,False,,Production,False
2248.0,It4Automation,Unit 3 Eclipse Industrial Estate,,30,KT19 8JD,Epsom,Surrey,England,South East England,Not Specified,it4automation.com,1372888035.0,Single Site,Not Provided,Not Provided,Unknown,Computer and Network Security,20.0,3000000.0,411.0,Nurse,original,1.0,"Unit 3 Eclipse Industrial Estate, , 30",True,,False,Invalid format,1372888035,True,,True,,True,,True,,False,Invalid founded date,False,,Medical,False
6316.0,Ee,Unit 28 The Pyramid Shopping Centre,Grange Road,,CH41 2ZL,Birkenhead,Merseyside,England,North West England,Not Specified,ee.co.uk,1516665980.0,Branch,Not Provided,Not Provided,Unknown,Unknown Industry,50.0,3000000.0,368.0,XX,original,1.0,"Unit 28 The Pyramid Shopping Centre, Grange Road",False,Too short,False,Invalid format,1516665980,True,,True,,True,,True,,False,Invalid founded date,False,,Admin,False
590.0,Bells Van Breakers,Unit 4 Arkady Industrial Estate,,Briscoe Lane,M40 2XG,Manchester,Lancashire,England,North West England,Not Specified,Unknown Domain,1418465903.0,Single Site,Not Provided,Not Provided,Unknown,Car Breakers& dismantles,20.0,8000000.0,423.0,Manager,original,1.0,"Unit 4 Arkady Industrial Estate, , Briscoe Lane",True,,False,Invalid format,1418465903,True,,True,,True,,False,Invalid format,False,Invalid founded date,False,,Leadership,False
1223.0,D V Mccoll Ltd,Block 7 Unit 1 Etna Industrial Estate,,2 Janesmith Street,ML2 7XJ,Wishaw,Lanarkshire,Scotland,Scotland,Not Specified,Unknown Domain,1698747681.0,Single Site,Not Provided,1979-07-16,46.0,Builders/ Construction Firm,100.0,3000000.0,8.0,Owner,original,1.0,"Block 7 Unit 1 Etna Industrial Estate, , 2 Janesmith Street",True,,False,Invalid format,1698747681,True,,True,,True,,False,Invalid format,True,,True,,Leadership,False
4198.0,The Body Lab,Unit 19 The Orbit Centre,,Ashworth Road,SN5 7YG,Swindon,Wiltshire,England,South West England,England,thebodylabwiltshire.co.uk,Not Provided,Single Site,hello@thebodylabwiltshire.co.uk,Not Provided,7.0,Cosmetic Surgery,20.0,8000000.0,68.0,Tile Merchant,original,1.0,"Unit 19 The Orbit Centre, , Ashworth Road",True,,True,,,,Missing,True,,True,,True,,False,Invalid founded date,False,,Operations,False
2299.0,Jewellery'S Treasure,Unit 7 Mulberry Court,,Langthorne Road,E11 4HW,London,London,England,London,Not Specified,sites.google.com,Not Provided,Branch,Not Provided,Not Provided,Unknown,Costume jeweller,100.0,5000000.0,64.0,Analyst,original,1.0,"Unit 7 Mulberry Court, , Langthorne Road",True,,False,Invalid format,,,Missing,True,,True,,True,,False,Invalid founded date,False,,Data & Analytics,False
1538.0,Epic Safe & Security Uk Ltd,D6 Court 2000 Industrial Estate,,Bridgnorth Road,TF7 4JB,Telford,Shropshire,England,West Midlands,Not Specified,Unknown Domain,1952684855.0,Single Site,Not Provided,Not Provided,Unknown,Safes& Vaults- Suppliers& Installers,100.0,3000000.0,355.0,Co Owner,original,1.0,"D6 Court 2000 Industrial Estate, , Bridgnorth Road",True,,False,Invalid format,1952684855,True,,True,,True,,False,Invalid format,False,Invalid founded date,False,,Leadership,False
4040.0,Suit Direct,Unit 16 Fremlin Walk Shopping Centre,,Fremlin Walk,ME14 1QP,Maidstone,Kent,England,South East England,Not Specified,suitdirect.co.uk,1622690975.0,Branch,Not Provided,Not Provided,Unknown,Fashion Retail,100.0,7758134.889514141,13.0,BA,model_imputed,0.6,"Unit 16 Fremlin Walk Shopping Centre, , Fremlin Walk",True,,False,Invalid format,1622690975,True,,True,,True,,True,,False,Invalid founded date,False,,Education,False
3708.0,Semichem,Unit 8 Springburn Shopping Centre,,230 Springburn Way,G21 1TS,Glasgow,Lanarkshire,Scotland,Scotland,Not Specified,semichem.co.uk,1415589922.0,Branch,help@semichem.co.uk,2000-02-23,25.0,Drug Stores/ Pharmacies,50.0,3000000.0,289.0,BA,original,1.0,"Unit 8 Springburn Shopping Centre, , 230 Springburn Way",True,,True,,1415589922,True,,True,,True,,True,,True,,True,,Education,False
686.0,Booker Worcester,Unit 1 Knightsbridge Park,,Wainwright Road,WR4 9FA,Worcester,Worcestershire,England,West Midlands,Not Specified,booker.co.uk,1905454336.0,Branch,Not Provided,Not Provided,Unknown,Food Wholesale,200.0,3000000.0,261.0,Oxford Circus,original,1.0,"Unit 1 Knightsbridge Park, , Wainwright Road",True,,False,Invalid format,1905454336,True,,True,,True,,True,,False,Invalid founded date,False,,Admin,False
5332.0,Nfu Mutual Ballymoney,Unit 7 Silversprings Shopping Centre,,Market Street,BT53 6RD,Ballymoney,County Antrim,Northern Ireland,Northern Ireland,Not Specified,nfumutual.co.uk,2827698302.0,Branch,Not Provided,Not Provided,Unknown,Unknown Industry,100.0,12000000.0,186.0,Sssssssss,original,1.0,"Unit 7 Silversprings Shopping Centre, , Market Street",True,,False,Invalid format,2827698302,True,,True,,True,,True,,False,Invalid founded date,False,,Admin,False
790.0,Buttress & Snatch Lingerie,Unit D Blackhorse Mews,,Blackhorse,E17 6SL,London,London,England,London,Not Specified,buttressandsnatch.co.uk,2075023139.0,Branch,Not Provided,Not Provided,Unknown,"Lingerie, Hosiery Manufacturers& Wholesalers",200.0,3000000.0,377.0,Painting And Decoration,original,1.0,"Unit D Blackhorse Mews, , Blackhorse",True,,False,Invalid format,2075023139,True,,True,,True,,True,,False,Invalid founded date,False,,Engineering & Development,False
7368.0,A&E Leisure,Unit 51-56 Cosgrove Industrial Park,Daisy Bank Lane,,CW9 6FY,Northwich,Cheshire,England,North West England,Not Specified,aeleisure.co.uk,1606973005.0,Single Site,Not Provided,2011-10-26,14.0,Camping Equipment& Supplies,20.0,6102412.147682283,83.0,BA,model_imputed,0.6,"Unit 51-56 Cosgrove Industrial Park, Daisy Bank Lane",True,,False,Invalid format,1606973005,True,,True,,True,,True,,True,,True,,Education,False
5727.0,Ashvin Properties Ltd,The Back Office At 87A,,North Street,ME10 2HJ,Sittingbourne,Kent,England,South East England,Not Specified,ashvinproperties.co.uk,1795472600.0,Single Site,Not Provided,2006-03-16,19.0,Property& Estate Management Companies,20.0,8000000.0,206.0,Tester,original,1.0,"The Back Office At 87A, , North Street",True,,False,Invalid format,1795472600,True,,True,,True,,True,,True,,True,,Engineering & Development,False
5552.0,The Fragrance Shop,Unit 28C The Mall Shopping Centre,,Crown Road,RM17 6GE,Grays,Essex,England,East of England,Not Specified,thefragranceshop.co.uk,1375275891.0,Branch,Not Provided,2009-09-22,16.0,Cosmetic Products Manufacturers,20.0,10344277.494781643,492.0,Herbalife,model_imputed,0.6,"Unit 28C The Mall Shopping Centre, , Crown Road",True,,False,Invalid format,1375275891,True,,True,,True,,True,,True,,True,,Sales,False
7543.0,Abbeystone Paving Ltd,103 Booth Street,,,DE24 8PH,Derby,Derbyshire,England,East Midlands,England,abbeystonepavingltd.co.uk,Not Provided,Branch,Not Provided,2018-05-23,7.0,Paving& Driveway Contractors,50.0,3000000.0,124.0,Timber Frame Specialist,original,1.0,103 Booth Street,True,,False,Invalid format,,,Missing,True,,True,,True,,True,,True,,Engineering & Development,False
1326.0,Dmc Plant Hire Ltd,Unit 11 Smallford Works,,Smallford Lane,AL4 0SA,St Albans,Hertfordshire,England,East of England,Not Specified,Unknown Domain,1727829600.0,Single Site,Not Provided,Not Provided,Unknown,Plant& Machinery Hire& Leasing,Unknown,8000000.0,58.0,Transformational Coach,original,1.0,"Unit 11 Smallford Works, , Smallford Lane",True,,False,Invalid format,1727829600,True,,True,,True,,False,Invalid format,False,Invalid founded date,False,,Education,False
6724.0,"""Spanish And Coffee""",94 West Hill,,,SW15 2YB,London,London,England,London,England,spanishandcoffee.co.uk,2078868789.0,Single Site,Not Provided,2015-01-26,10.0,Educational Services,50.0,12000000.0,490.0,School,original,1.0,94 West Hill,True,,False,Invalid format,2078868789,True,,True,,True,,True,,True,,True,,Education,False
7225.0,A P Baker And Co,493A Caerphilly Road,,,CF14 4SN,Cardiff,South Glamorgan,Wales,Wales,Not Specified,apbakerandco.co.uk,2920519060.0,Single Site,info@apbakerandco.co.uk,Not Provided,Unknown,Accounting& Audit,200.0,6348132.740092137,471.0,Ba,model_imputed,0.6,493A Caerphilly Road,True,,True,,2920519060,True,,True,,True,,True,,False,Invalid founded date,False,,Education,False
809.0,C&H Fire Protection Ltd,Unit 8 Ilford Trading Estate,,Paycocke Road,SS14 3DR,Basildon,Essex,England,East of England,England,chfireltd.co.uk,1268293199.0,Branch,Not Provided,Not Provided,5.0,Fire Protection Consultants& Engineers,20.0,6102412.147682283,300.0,Account Executivea,model_imputed,0.6,"Unit 8 Ilford Trading Estate, , Paycocke Road",True,,False,Invalid format,1268293199,True,,True,,True,,True,,False,Invalid founded date,False,,Sales,False
5994.0,Tump Farm Cottages,Tump Farm,,Edge,GL6 6PW,Stroud,Gloucestershire,England,South West England,United Kingdom,Unknown Domain,Not Provided,Single Site,Not Provided,2022-01-22,3.0,Unknown Industry,50.0,5000000.0,345.0,BA,original,1.0,"Tump Farm, , Edge",True,,False,Invalid format,,,Missing,True,,True,,False,Invalid format,True,,True,,Education,False
6723.0,"""Emmylou"" Wig Specialist Salon",10 Selbey Cl,,,CT6 6UN,Herne Bay,Kent,England,South East England,Not Specified,emmy-lou.com,Not Provided,Branch,Not Provided,Not Provided,Unknown,Wig Shop,20.0,8000000.0,291.0,BA,original,1.0,10 Selbey Cl,True,,False,Invalid format,,,Missing,True,,True,,True,,False,Invalid founded date,False,,Education,False
4335.0,The Skills Training & Recruitment Centre Ltd,Unit 115 Higham Hill Joint Services Centre,,313 Billet Road,E17 5PX,London,London,England,London,Not Specified,Unknown Domain,2085276222.0,Single Site,Not Provided,Not Provided,Unknown,Employment& Recruitment Agencies,50.0,3000000.0,266.0,Executive,original,1.0,"Unit 115 Higham Hill Joint Services Centre, , 313 Billet Road",True,,False,Invalid format,2085276222,True,,True,,True,,False,Invalid format,False,Invalid founded date,False,,Leadership,False
3004.0,Ni Leasing Ltd,Office G.21 Innovation Factory,,385 Springfield Road,BT12 7DG,Belfast,County Antrim,Northern Ireland,Northern Ireland,Northern Ireland,nileasing.co.uk,2890993441.0,Single Site,info@nileasing.co.uk,2020-03-18,5.0,Car Dealers,20.0,3000000.0,313.0,Chelsea,original,1.0,"Office G.21 Innovation Factory, , 385 Springfield Road",True,,True,,2890993441,True,,True,,True,,True,,True,,True,,Education,False
3630.0,Sabian Projects (Uk) Limited,Blythe Valley Business Park Central Boulevard,,Blythe Valley Park,B90 8AG,Solihull,West Midlands,England,West Midlands,Not Specified,Unknown Domain,1512077778.0,Single Site,Not Provided,Not Provided,Unknown,Business Management Consultants,100.0,3000000.0,174.0,Sales Managet,original,1.0,"Blythe Valley Business Park Central Boulevard, , Blythe Valley Park",True,,False,Invalid format,1512077778,True,,True,,True,,False,Invalid format,False,Invalid founded date,False,,Sales,False
